sno,date,id,location,state,city,pages
0,4/1/2020,311,Bihar/Bhagalpur,Bihar,Bhagalpur,/products
1,4/1/2020,817,Uttarakhand/Dehra Dun,Uttarakhand,Dehra Dun,"/products, /products, /pricing, /pricing"
2,4/1/2020,1245,Arunachal Pradesh/Itanagar,Arunachal Pradesh,Itanagar,"/contact, /aboutus"
3,4/1/2020,1146,Gujarat/Surat,Gujarat,Surat,/
4,4/1/2020,1486,Nagaland/Kohima,Nagaland,Kohima,"/pricing, /products, /pricing, /aboutus"
5,4/1/2020,256,Nagaland/Kohima,Nagaland,Kohima,"/aboutus, /pricing, /pricing, /pricing"
6,4/1/2020,1728,Sikkim/Gangtok,Sikkim,Gangtok,/
7,4/1/2020,1100,Gujarat/Ghandinagar,Gujarat,Ghandinagar,"/pricing, /aboutus"
8,4/1/2020,556,Manipur/Imphal,Manipur,Imphal,/
9,4/1/2020,625,Goa/Panaji,Goa,Panaji,"/, /products, /aboutus, /aboutus"
10,4/2/2020,60,Kerala/Thiruvananthapuram,Kerala,Thiruvananthapuram,"/contact, /aboutus"
11,4/2/2020,1204,Madhya Pradesh/Ratlam,Madhya Pradesh,Ratlam,"/, /products, /aboutus, /"
12,4/2/2020,1739,Manipur/Imphal,Manipur,Imphal,"/pricing, /contact, /pricing, /pricing, /products"
13,4/2/2020,378,Meghalaya/Shillong,Meghalaya,Shillong,"/aboutus, /pricing, /"
14,4/2/2020,1468,Arunachal Pradesh/Itanagar,Arunachal Pradesh,Itanagar,"/contact, /pricing, /contact"
15,4/2/2020,455,Assam/Guwahati,Assam,Guwahati,"/pricing, /pricing, /pricing, /aboutus, /contact"
16,4/2/2020,574,Mizoram/Aizawl,Mizoram,Aizawl,/contact
17,4/2/2020,995,Uttarakhand/Dehra Dun,Uttarakhand,Dehra Dun,"/contact, /products, /aboutus, /aboutus"
18,4/2/2020,1837,Andaman and Nicobar Islands/Port Blair,Andaman and Nicobar Islands,Port Blair,/aboutus
19,4/2/2020,1960,Uttarakhand/Dehra Dun,Uttarakhand,Dehra Dun,"/pricing, /pricing, /pricing, /aboutus, /contact"
20,4/2/2020,334,Uttarakhand/Dehra Dun,Uttarakhand,Dehra Dun,/contact
21,4/3/2020,1663,Lakshadweep/Kavaratti,Lakshadweep,Kavaratti,"/pricing, /, /pricing, /products"
22,4/3/2020,1613,Rajasthan/Ajmer,Rajasthan,Ajmer,"/contact, /contact, /pricing, /"
23,4/3/2020,1690,Himachal Pradesh/Shimla,Himachal Pradesh,Shimla,"/contact, /"
24,4/3/2020,291,Delhi/Delhi,Delhi,Delhi,"/contact, /aboutus"
25,4/3/2020,1283,Andaman and Nicobar Islands/Port Blair,Andaman and Nicobar Islands,Port Blair,"/products, /aboutus"
26,4/3/2020,305,Nagaland/Kohima,Nagaland,Kohima,"/aboutus, /pricing, /aboutus"
27,4/3/2020,954,Tripura/Agartala,Tripura,Agartala,/pricing
28,4/3/2020,644,Chandigarh/Chandigarh,Chandigarh,Chandigarh,"/aboutus, /aboutus, /contact, /aboutus, /"
29,4/3/2020,1981,Jammu and Kashmir/Baramula,Jammu and Kashmir,Baramula,"/products, /products"
30,4/3/2020,1459,Goa/Panaji,Goa,Panaji,"/, /, /aboutus, /contact"
31,4/3/2020,657,Jharkhand/Jamshedpur,Jharkhand,Jamshedpur,"/aboutus, /contact, /contact"
32,4/3/2020,1709,Uttarakhand/Dehra Dun,Uttarakhand,Dehra Dun,"/products, /pricing, /pricing, /contact"
33,4/3/2020,1872,Gujarat/Ahmadabad,Gujarat,Ahmadabad,"/aboutus, /aboutus, /contact, /pricing"
34,4/3/2020,1689,Goa/Panaji,Goa,Panaji,"/products, /pricing"
35,4/3/2020,83,Lakshadweep/Kavaratti,Lakshadweep,Kavaratti,"/, /, /aboutus, /pricing, /contact"
36,4/3/2020,1699,Delhi/New Delhi,Delhi,New Delhi,/products
37,4/3/2020,1629,Chandigarh/Chandigarh,Chandigarh,Chandigarh,"/contact, /pricing, /pricing, /contact"
38,4/3/2020,742,Punjab/Abohar,Punjab,Abohar,"/pricing, /products, /contact, /contact, /contact"
39,4/3/2020,1818,Andaman and Nicobar Islands/Port Blair,Andaman and Nicobar Islands,Port Blair,"/aboutus, /pricing, /"
40,4/3/2020,357,Bihar/Muzaffarpur,Bihar,Muzaffarpur,"/aboutus, /contact"
41,4/4/2020,995,West Bengal/Bhatpara,West Bengal,Bhatpara,/contact
42,4/4/2020,323,Lakshadweep/Kavaratti,Lakshadweep,Kavaratti,/
43,4/4/2020,153,Assam/Dispur,Assam,Dispur,"/, /products, /aboutus"
44,4/4/2020,1188,Meghalaya/Shillong,Meghalaya,Shillong,"/contact, /contact"
45,4/4/2020,1901,Tamil Nadu /Tirunelveli,Tamil Nadu ,Tirunelveli,"/products, /contact, /pricing"
46,4/4/2020,491,Jammu and Kashmir/Srinagar,Jammu and Kashmir,Srinagar,"/contact, /products"
47,4/5/2020,870,West Bengal/Alipur Duar,West Bengal,Alipur Duar,"/products, /products, /products, /pricing, /aboutus"
48,4/5/2020,156,Rajasthan/Sikar,Rajasthan,Sikar,"/contact, /contact"
49,4/5/2020,1880,Andaman and Nicobar Islands/Port Blair,Andaman and Nicobar Islands,Port Blair,"/contact, /pricing, /aboutus"
50,4/5/2020,1992,Odisha/Samlaipadar,Odisha,Samlaipadar,/pricing
51,4/5/2020,1092,Chandigarh/Chandigarh,Chandigarh,Chandigarh,"/products, /contact, /aboutus"
52,4/5/2020,1066,Mizoram/Aizawl,Mizoram,Aizawl,"/aboutus, /products, /products"
53,4/5/2020,731,West Bengal/Haora,West Bengal,Haora,"/products, /contact, /, /aboutus, /contact"
54,4/5/2020,1173,Gujarat/Bhavnagar,Gujarat,Bhavnagar,/products
55,4/5/2020,1771,Tamil Nadu /Valparai,Tamil Nadu ,Valparai,"/, /contact, /contact, /products, /pricing"
56,4/5/2020,1594,Dadra and Nagar Haveli/Silvassa,Dadra and Nagar Haveli,Silvassa,"/pricing, /pricing, /pricing, /aboutus"
57,4/5/2020,1879,Chandigarh/Chandigarh,Chandigarh,Chandigarh,/
58,4/6/2020,712,Manipur/Imphal,Manipur,Imphal,"/, /contact, /"
59,4/6/2020,1548,Bihar/Muzaffarpur,Bihar,Muzaffarpur,"/aboutus, /contact"
60,4/6/2020,1942,Manipur/Imphal,Manipur,Imphal,"/contact, /pricing, /"
61,4/6/2020,197,Chhattisgarh/Bhilai,Chhattisgarh,Bhilai,"/contact, /products"
62,4/6/2020,42,Mizoram/Aizawl,Mizoram,Aizawl,/aboutus
63,4/6/2020,1745,Nagaland/Kohima,Nagaland,Kohima,"/aboutus, /aboutus, /pricing"
64,4/6/2020,1368,Uttarakhand/Dehra Dun,Uttarakhand,Dehra Dun,"/, /contact"
65,4/6/2020,1267,Nagaland/Kohima,Nagaland,Kohima,"/contact, /contact, /contact, /"
66,4/6/2020,1254,Manipur/Imphal,Manipur,Imphal,"/products, /aboutus, /aboutus"
67,4/6/2020,474,Jammu and Kashmir/Jammu,Jammu and Kashmir,Jammu,/pricing
68,4/6/2020,1239,Jammu and Kashmir/Jammu,Jammu and Kashmir,Jammu,/pricing
69,4/6/2020,1365,Tripura/Agartala,Tripura,Agartala,"/products, /aboutus"
70,4/6/2020,1877,Assam/Dibrugarh,Assam,Dibrugarh,"/aboutus, /contact, /products, /, /"
71,4/6/2020,1909,Chhattisgarh/Raipur,Chhattisgarh,Raipur,"/, /aboutus, /"
72,4/6/2020,151,Arunachal Pradesh/Itanagar,Arunachal Pradesh,Itanagar,"/pricing, /aboutus, /contact, /products, /products"
73,4/6/2020,831,Odisha/Cuttack,Odisha,Cuttack,"/aboutus, /products, /aboutus, /aboutus, /aboutus"
74,4/6/2020,1393,Maharashtra/Aurangabad,Maharashtra,Aurangabad,"/products, /products, /aboutus"
75,4/6/2020,1663,Arunachal Pradesh/Itanagar,Arunachal Pradesh,Itanagar,"/contact, /, /, /aboutus"
76,4/7/2020,888,Assam/Dispur,Assam,Dispur,"/aboutus, /contact, /aboutus, /"
77,4/7/2020,1915,Daman and Diu/Diu,Daman and Diu,Diu,"/products, /aboutus"
78,4/7/2020,981,Bihar/Purnea,Bihar,Purnea,"/aboutus, /products"
79,4/7/2020,1548,Madhya Pradesh/Ratlam,Madhya Pradesh,Ratlam,/products
80,4/7/2020,1154,Arunachal Pradesh/Itanagar,Arunachal Pradesh,Itanagar,"/, /contact, /products, /products, /aboutus"
81,4/8/2020,890,Arunachal Pradesh/Itanagar,Arunachal Pradesh,Itanagar,"/pricing, /, /products, /aboutus, /pricing"
82,4/8/2020,158,Uttarakhand/Dehra Dun,Uttarakhand,Dehra Dun,"/products, /aboutus, /contact, /pricing, /aboutus"
83,4/8/2020,270,West Bengal/Haldia,West Bengal,Haldia,"/aboutus, /"
84,4/8/2020,677,Mizoram/Aizawl,Mizoram,Aizawl,"/, /aboutus, /aboutus, /pricing, /pricing"
85,4/8/2020,611,Jammu and Kashmir/Baramula,Jammu and Kashmir,Baramula,"/pricing, /aboutus, /, /contact, /pricing"
86,4/8/2020,1829,Meghalaya/Shillong,Meghalaya,Shillong,"/, /pricing, /pricing, /contact, /aboutus"
87,4/8/2020,1405,Karnataka/Davangere,Karnataka,Davangere,"/, /contact, /pricing, /products, /aboutus"
88,4/8/2020,142,Gujarat/Bhavnagar,Gujarat,Bhavnagar,"/, /pricing, /contact, /aboutus"
89,4/9/2020,1324,Jammu and Kashmir/Srinagar,Jammu and Kashmir,Srinagar,"/products, /aboutus, /, /contact"
90,4/9/2020,650,Jammu and Kashmir/Jammu,Jammu and Kashmir,Jammu,"/products, /products, /pricing, /aboutus"
91,4/9/2020,59,Nagaland/Kohima,Nagaland,Kohima,"/, /pricing, /products"
92,4/9/2020,1623,Odisha/Brahmapur,Odisha,Brahmapur,"/, /pricing, /products, /products"
93,4/9/2020,1254,Chhattisgarh/Raipur,Chhattisgarh,Raipur,"/contact, /products, /aboutus"
94,4/9/2020,1665,Himachal Pradesh/Shimla,Himachal Pradesh,Shimla,"/pricing, /aboutus"
95,4/9/2020,1480,Delhi/Delhi,Delhi,Delhi,/aboutus
96,4/9/2020,737,Andhra Pradesh/Nellore,Andhra Pradesh,Nellore,"/products, /, /products, /aboutus"
97,4/9/2020,700,Tamil Nadu /Tiruvannamalai,Tamil Nadu ,Tiruvannamalai,"/aboutus, /contact, /contact, /products"
98,4/9/2020,1752,Karnataka/Bellary,Karnataka,Bellary,"/aboutus, /contact, /contact, /contact"
99,4/10/2020,557,Assam/Tezpur,Assam,Tezpur,"/pricing, /products, /aboutus, /aboutus"
100,4/10/2020,1559,West Bengal/Haldia,West Bengal,Haldia,"/products, /, /pricing, /products, /aboutus"
101,4/10/2020,792,Odisha/Brahmapur,Odisha,Brahmapur,"/aboutus, /pricing, /pricing, /aboutus"
102,4/10/2020,1632,Uttarakhand/Dehra Dun,Uttarakhand,Dehra Dun,"/products, /aboutus"
103,4/10/2020,1760,Gujarat/Bhuj,Gujarat,Bhuj,"/products, /products"
104,4/10/2020,1839,Delhi/New Delhi,Delhi,New Delhi,"/pricing, /, /pricing"
105,4/10/2020,442,Punjab/Patiala,Punjab,Patiala,"/pricing, /products"
106,4/10/2020,356,Manipur/Imphal,Manipur,Imphal,"/pricing, /contact, /pricing"
107,4/10/2020,1463,Karnataka/Hubli,Karnataka,Hubli,"/contact, /, /contact, /contact, /aboutus"
108,4/10/2020,905,Chandigarh/Chandigarh,Chandigarh,Chandigarh,"/contact, /, /contact"
109,4/10/2020,716,Meghalaya/Shillong,Meghalaya,Shillong,"/contact, /"
110,4/11/2020,1816,Jharkhand/Dhanbad,Jharkhand,Dhanbad,"/pricing, /aboutus, /products, /products, /aboutus"
111,4/11/2020,1794,Andhra Pradesh/Kagaznagar,Andhra Pradesh,Kagaznagar,"/contact, /, /"
112,4/11/2020,177,Mizoram/Aizawl,Mizoram,Aizawl,/contact
113,4/11/2020,289,Andaman and Nicobar Islands/Port Blair,Andaman and Nicobar Islands,Port Blair,"/aboutus, /products"
114,4/11/2020,998,Himachal Pradesh/Shimla,Himachal Pradesh,Shimla,"/aboutus, /products, /, /pricing, /pricing"
115,4/11/2020,1309,Bihar/Bhagalpur,Bihar,Bhagalpur,"/aboutus, /contact, /aboutus, /"
116,4/12/2020,52,West Bengal/Haora,West Bengal,Haora,"/contact, /contact, /aboutus"
117,4/12/2020,1605,Manipur/Imphal,Manipur,Imphal,"/pricing, /contact, /, /, /aboutus"
118,4/12/2020,1639,Karnataka/Mysore,Karnataka,Mysore,/aboutus
119,4/12/2020,375,Andaman and Nicobar Islands/Port Blair,Andaman and Nicobar Islands,Port Blair,"/products, /, /"
120,4/12/2020,1177,West Bengal/Haora,West Bengal,Haora,"/aboutus, /aboutus, /pricing, /products"
121,4/12/2020,486,Punjab/Amritsar,Punjab,Amritsar,"/aboutus, /pricing, /aboutus, /aboutus"
122,4/12/2020,1544,Manipur/Imphal,Manipur,Imphal,"/, /contact, /contact"
123,4/13/2020,362,Karnataka/Bellary,Karnataka,Bellary,"/contact, /pricing, /, /products, /"
124,4/13/2020,224,Tripura/Agartala,Tripura,Agartala,"/contact, /products"
125,4/13/2020,156,Gujarat/Porbandar,Gujarat,Porbandar,/
126,4/13/2020,882,Dadra and Nagar Haveli/Silvassa,Dadra and Nagar Haveli,Silvassa,"/pricing, /contact, /products"
127,4/13/2020,1732,Kerala/Kochi,Kerala,Kochi,"/products, /aboutus, /products"
128,4/13/2020,1029,Bihar/Muzaffarpur,Bihar,Muzaffarpur,"/pricing, /contact, /contact, /products, /products"
129,4/13/2020,968,Kerala/Calicut,Kerala,Calicut,"/aboutus, /, /pricing"
130,4/13/2020,1106,Rajasthan/Udaipur,Rajasthan,Udaipur,"/pricing, /aboutus, /products, /, /contact"
131,4/13/2020,1441,Mizoram/Aizawl,Mizoram,Aizawl,"/aboutus, /, /contact, /pricing"
132,4/13/2020,1455,Nagaland/Kohima,Nagaland,Kohima,"/products, /"
133,4/13/2020,256,Gujarat/Ghandinagar,Gujarat,Ghandinagar,"/aboutus, /aboutus, /products, /contact"
134,4/13/2020,1617,Daman and Diu/Daman,Daman and Diu,Daman,"/products, /pricing, /products, /, /contact"
135,4/13/2020,46,Gujarat/Ghandinagar,Gujarat,Ghandinagar,"/products, /aboutus, /products"
136,4/13/2020,905,Chhattisgarh/Bhilai,Chhattisgarh,Bhilai,"/, /products"
137,4/13/2020,1073,Gujarat/Rajkot,Gujarat,Rajkot,"/, /products"
138,4/14/2020,773,Maharashtra/Khanapur,Maharashtra,Khanapur,"/pricing, /aboutus, /pricing, /contact"
139,4/14/2020,867,Jharkhand/Dhanbad,Jharkhand,Dhanbad,"/products, /pricing, /contact"
140,4/14/2020,1183,Tripura/Agartala,Tripura,Agartala,"/contact, /contact, /aboutus"
141,4/14/2020,1113,Rajasthan/Jodhpur,Rajasthan,Jodhpur,"/products, /products, /products, /products"
142,4/14/2020,1465,Lakshadweep/Kavaratti,Lakshadweep,Kavaratti,"/products, /products"
143,4/14/2020,1135,Chandigarh/Chandigarh,Chandigarh,Chandigarh,"/pricing, /aboutus, /, /pricing, /"
144,4/14/2020,1017,Delhi/Delhi,Delhi,Delhi,"/products, /pricing, /aboutus, /products"
145,4/14/2020,693,Dadra and Nagar Haveli/Silvassa,Dadra and Nagar Haveli,Silvassa,"/products, /contact, /aboutus, /pricing"
146,4/14/2020,549,Delhi/New Delhi,Delhi,New Delhi,"/products, /products, /products"
147,4/14/2020,1565,Uttarakhand/Dehra Dun,Uttarakhand,Dehra Dun,/
148,4/15/2020,78,Chhattisgarh/Raipur,Chhattisgarh,Raipur,"/pricing, /pricing"
149,4/15/2020,1625,Gujarat/Ghandinagar,Gujarat,Ghandinagar,"/contact, /, /pricing, /pricing"
150,4/15/2020,1839,Gujarat/Ghandinagar,Gujarat,Ghandinagar,"/pricing, /products, /products, /contact, /aboutus"
151,4/15/2020,100,Uttar Pradesh/Fyzabad,Uttar Pradesh,Fyzabad,"/pricing, /pricing"
152,4/15/2020,952,Bihar/Aurangabad,Bihar,Aurangabad,"/aboutus, /pricing, /aboutus, /pricing, /contact"
153,4/15/2020,687,Andhra Pradesh/Nandyal,Andhra Pradesh,Nandyal,"/aboutus, /contact, /contact, /, /aboutus"
154,4/15/2020,219,Mizoram/Aizawl,Mizoram,Aizawl,"/aboutus, /products, /products, /products, /contact"
155,4/15/2020,876,Tripura/Agartala,Tripura,Agartala,"/products, /products, /contact, /products"
156,4/15/2020,224,Uttar Pradesh/Bamanpuri,Uttar Pradesh,Bamanpuri,"/pricing, /aboutus, /products, /products, /products"
157,4/15/2020,408,Assam/Dibrugarh,Assam,Dibrugarh,"/pricing, /products"
158,4/15/2020,1290,Lakshadweep/Kavaratti,Lakshadweep,Kavaratti,/aboutus
159,4/16/2020,986,Delhi/Delhi,Delhi,Delhi,"/pricing, /aboutus, /products, /, /contact"
160,4/16/2020,1915,Karnataka/Bijapur,Karnataka,Bijapur,"/pricing, /products, /pricing"
161,4/16/2020,1452,Kerala/Kochi,Kerala,Kochi,"/pricing, /pricing, /pricing, /"
162,4/16/2020,1498,Meghalaya/Shillong,Meghalaya,Shillong,"/contact, /, /contact, /aboutus, /pricing"
163,4/16/2020,706,Maharashtra/Sangli,Maharashtra,Sangli,"/products, /pricing, /products, /pricing"
164,4/17/2020,30,Maharashtra/Ahmadnagar,Maharashtra,Ahmadnagar,"/products, /products"
165,4/17/2020,229,Meghalaya/Shillong,Meghalaya,Shillong,/
166,4/17/2020,1092,Delhi/Delhi,Delhi,Delhi,"/aboutus, /aboutus"
167,4/17/2020,481,Bihar/Purnea,Bihar,Purnea,/pricing
168,4/17/2020,418,Mizoram/Aizawl,Mizoram,Aizawl,"/contact, /aboutus"
169,4/17/2020,1766,Lakshadweep/Kavaratti,Lakshadweep,Kavaratti,"/contact, /pricing"
170,4/17/2020,624,Jharkhand/Ranchi,Jharkhand,Ranchi,"/contact, /products"
171,4/17/2020,950,Tripura/Agartala,Tripura,Agartala,"/aboutus, /aboutus, /pricing, /pricing, /aboutus"
172,4/17/2020,1385,Uttarakhand/Dehra Dun,Uttarakhand,Dehra Dun,"/, /pricing, /products, /pricing, /products"
173,4/17/2020,447,West Bengal/Shiliguri,West Bengal,Shiliguri,"/aboutus, /aboutus, /pricing, /"
174,4/17/2020,1898,Goa/Panaji,Goa,Panaji,"/, /contact"
175,4/17/2020,139,Haryana/Gurgaon,Haryana,Gurgaon,"/aboutus, /aboutus, /contact, /products"
176,4/17/2020,448,Nagaland/Kohima,Nagaland,Kohima,"/pricing, /pricing, /contact, /aboutus, /aboutus"
177,4/17/2020,1890,Delhi/Delhi,Delhi,Delhi,"/pricing, /pricing"
178,4/17/2020,1155,Uttar Pradesh/Tharati Etawah,Uttar Pradesh,Tharati Etawah,/pricing
179,4/17/2020,526,Madhya Pradesh/Saugor,Madhya Pradesh,Saugor,"/aboutus, /pricing, /"
180,4/17/2020,1144,Puducherry/Puducherry,Puducherry,Puducherry,"/pricing, /pricing, /pricing, /contact"
181,4/17/2020,1965,Goa/Panaji,Goa,Panaji,/pricing
182,4/17/2020,1092,Karnataka/Hospet,Karnataka,Hospet,"/aboutus, /contact, /contact"
183,4/18/2020,1007,Sikkim/Gangtok,Sikkim,Gangtok,"/products, /contact, /"
184,4/18/2020,857,Tripura/Agartala,Tripura,Agartala,"/products, /pricing, /products"
185,4/18/2020,1900,Tamil Nadu /Thanjavur,Tamil Nadu ,Thanjavur,/aboutus
186,4/18/2020,1732,Punjab/Abohar,Punjab,Abohar,"/aboutus, /contact, /contact, /aboutus"
187,4/18/2020,1367,Odisha/Samlaipadar,Odisha,Samlaipadar,"/, /products"
188,4/18/2020,564,Madhya Pradesh/Ratlam,Madhya Pradesh,Ratlam,"/aboutus, /contact, /products"
189,4/18/2020,1303,Arunachal Pradesh/Itanagar,Arunachal Pradesh,Itanagar,/aboutus
190,4/18/2020,547,Jharkhand/Jamshedpur,Jharkhand,Jamshedpur,"/contact, /pricing, /pricing, /products, /"
191,4/18/2020,1145,Meghalaya/Shillong,Meghalaya,Shillong,"/, /pricing, /contact"
192,4/18/2020,1998,Maharashtra/Bhiwandi,Maharashtra,Bhiwandi,"/aboutus, /contact, /aboutus, /contact, /"
193,4/18/2020,1704,Uttarakhand/Dehra Dun,Uttarakhand,Dehra Dun,"/, /pricing, /aboutus, /products"
194,4/18/2020,365,Jharkhand/Dhanbad,Jharkhand,Dhanbad,"/aboutus, /pricing, /products"
195,4/18/2020,5,Himachal Pradesh/Shimla,Himachal Pradesh,Shimla,"/contact, /products, /products, /pricing, /pricing"
196,4/18/2020,10,Daman and Diu/Diu,Daman and Diu,Diu,/aboutus
197,4/18/2020,374,Chandigarh/Chandigarh,Chandigarh,Chandigarh,"/, /pricing, /products, /, /"
198,4/18/2020,1817,Jammu and Kashmir/Saidpur,Jammu and Kashmir,Saidpur,"/, /contact, /, /aboutus, /pricing"
199,4/18/2020,547,Uttar Pradesh/Muzaffarnagar,Uttar Pradesh,Muzaffarnagar,"/pricing, /, /products, /contact, /contact"
200,4/18/2020,143,Meghalaya/Shillong,Meghalaya,Shillong,"/products, /aboutus"
201,4/18/2020,1681,West Bengal/Barddhaman,West Bengal,Barddhaman,"/, /, /"
202,4/19/2020,723,Goa/Panaji,Goa,Panaji,"/, /, /products, /pricing"
203,4/19/2020,59,Kerala/Calicut,Kerala,Calicut,"/pricing, /contact, /contact"
204,4/19/2020,1892,Himachal Pradesh/Shimla,Himachal Pradesh,Shimla,"/pricing, /pricing"
205,4/19/2020,643,Mizoram/Aizawl,Mizoram,Aizawl,"/pricing, /aboutus, /aboutus, /contact, /aboutus"
206,4/19/2020,944,Tamil Nadu /Nagercoil,Tamil Nadu ,Nagercoil,"/aboutus, /products, /pricing"
207,4/19/2020,1837,Mizoram/Aizawl,Mizoram,Aizawl,/contact
208,4/19/2020,274,Puducherry/Puducherry,Puducherry,Puducherry,"/products, /products"
209,4/19/2020,511,Kerala/Kollam,Kerala,Kollam,/contact
210,4/19/2020,649,Dadra and Nagar Haveli/Silvassa,Dadra and Nagar Haveli,Silvassa,"/pricing, /pricing, /contact, /contact, /aboutus"
211,4/19/2020,756,Mizoram/Aizawl,Mizoram,Aizawl,/contact
212,4/19/2020,1685,Nagaland/Kohima,Nagaland,Kohima,"/products, /aboutus, /pricing, /pricing, /products"
213,4/20/2020,544,Tripura/Agartala,Tripura,Agartala,"/aboutus, /aboutus, /aboutus, /products, /aboutus"
214,4/20/2020,301,Mizoram/Aizawl,Mizoram,Aizawl,/
215,4/20/2020,697,West Bengal/Haora,West Bengal,Haora,"/contact, /products, /contact, /aboutus"
216,4/20/2020,55,Mizoram/Aizawl,Mizoram,Aizawl,"/products, /products"
217,4/20/2020,1434,Jharkhand/Dhanbad,Jharkhand,Dhanbad,"/contact, /pricing, /products"
218,4/20/2020,980,Daman and Diu/Daman,Daman and Diu,Daman,"/products, /pricing, /aboutus"
219,4/21/2020,1443,Lakshadweep/Kavaratti,Lakshadweep,Kavaratti,"/pricing, /pricing, /contact"
220,4/21/2020,829,Odisha/Bhubaneshwar,Odisha,Bhubaneshwar,"/aboutus, /, /, /products, /aboutus"
221,4/21/2020,1467,Himachal Pradesh/Shimla,Himachal Pradesh,Shimla,/aboutus
222,4/21/2020,1575,Tripura/Agartala,Tripura,Agartala,"/products, /contact"
223,4/21/2020,1522,Andhra Pradesh/Proddatur,Andhra Pradesh,Proddatur,"/products, /products, /pricing, /pricing, /"
224,4/21/2020,1530,Delhi/New Delhi,Delhi,New Delhi,"/products, /pricing, /pricing, /aboutus"
225,4/21/2020,159,Arunachal Pradesh/Itanagar,Arunachal Pradesh,Itanagar,"/contact, /products"
226,4/21/2020,1785,Kerala/Thiruvananthapuram,Kerala,Thiruvananthapuram,/contact
227,4/21/2020,1050,Dadra and Nagar Haveli/Silvassa,Dadra and Nagar Haveli,Silvassa,"/contact, /contact, /, /products"
228,4/21/2020,1473,Madhya Pradesh/Indore,Madhya Pradesh,Indore,"/, /aboutus, /pricing, /aboutus, /contact"
229,4/21/2020,1121,Jharkhand/Dhanbad,Jharkhand,Dhanbad,"/contact, /aboutus"
230,4/21/2020,40,Chhattisgarh/Bilaspur,Chhattisgarh,Bilaspur,/pricing
231,4/21/2020,550,Goa/Panaji,Goa,Panaji,"/pricing, /products, /aboutus, /products, /contact"
232,4/21/2020,1233,Uttarakhand/Dehra Dun,Uttarakhand,Dehra Dun,"/, /pricing"
233,4/21/2020,258,Assam/Guwahati,Assam,Guwahati,"/products, /, /contact, /contact, /aboutus"
234,4/21/2020,1501,Madhya Pradesh/Ratlam,Madhya Pradesh,Ratlam,"/, /pricing, /products, /pricing, /"
235,4/21/2020,1038,West Bengal/Barddhaman,West Bengal,Barddhaman,"/, /aboutus, /pricing, /contact, /pricing"
236,4/22/2020,455,Dadra and Nagar Haveli/Silvassa,Dadra and Nagar Haveli,Silvassa,"/pricing, /products, /"
237,4/22/2020,1912,Uttar Pradesh/Mathura,Uttar Pradesh,Mathura,"/products, /pricing, /products"
238,4/22/2020,343,Mizoram/Aizawl,Mizoram,Aizawl,"/, /, /aboutus"
239,4/22/2020,1213,West Bengal/asansol,West Bengal,asansol,"/, /, /"
240,4/22/2020,1931,West Bengal/Haldia,West Bengal,Haldia,/pricing
241,4/22/2020,1043,Arunachal Pradesh/Itanagar,Arunachal Pradesh,Itanagar,"/aboutus, /contact, /contact"
242,4/22/2020,1452,Jharkhand/Ranchi,Jharkhand,Ranchi,/contact
243,4/22/2020,610,Mizoram/Aizawl,Mizoram,Aizawl,"/aboutus, /pricing"
244,4/22/2020,1315,Meghalaya/Shillong,Meghalaya,Shillong,/pricing
245,4/22/2020,1149,Sikkim/Gangtok,Sikkim,Gangtok,/pricing
246,4/23/2020,1427,Jharkhand/Dhanbad,Jharkhand,Dhanbad,/aboutus
247,4/23/2020,1003,Daman and Diu/Daman,Daman and Diu,Daman,"/aboutus, /, /, /contact, /products"
248,4/23/2020,556,Goa/Panaji,Goa,Panaji,"/pricing, /pricing, /aboutus, /contact, /pricing"
249,4/23/2020,809,Kerala/Alappuzha,Kerala,Alappuzha,/contact
250,4/23/2020,1163,Gujarat/Navsari,Gujarat,Navsari,"/contact, /products"
251,4/23/2020,1399,Punjab/Haripur,Punjab,Haripur,"/pricing, /products, /contact, /products, /contact"
252,4/23/2020,1129,Punjab/Patiala,Punjab,Patiala,"/pricing, /pricing, /pricing"
253,4/23/2020,566,Delhi/New Delhi,Delhi,New Delhi,"/contact, /, /pricing, /"
254,4/23/2020,1584,Himachal Pradesh/Shimla,Himachal Pradesh,Shimla,/
255,4/23/2020,614,Tamil Nadu /Kumbakonam,Tamil Nadu ,Kumbakonam,"/products, /pricing, /products"
256,4/23/2020,228,Goa/Panaji,Goa,Panaji,"/aboutus, /aboutus, /aboutus, /aboutus"
257,4/23/2020,1304,Dadra and Nagar Haveli/Silvassa,Dadra and Nagar Haveli,Silvassa,"/pricing, /aboutus, /pricing"
258,4/23/2020,1718,Assam/Tezpur,Assam,Tezpur,"/, /aboutus, /contact, /contact"
259,4/23/2020,673,Andhra Pradesh/Nizamabad,Andhra Pradesh,Nizamabad,"/contact, /"
260,4/23/2020,368,Nagaland/Kohima,Nagaland,Kohima,"/pricing, /contact, /aboutus, /products, /contact"
261,4/24/2020,1904,Nagaland/Kohima,Nagaland,Kohima,"/products, /aboutus, /contact, /products, /contact"
262,4/24/2020,293,Andhra Pradesh/Kagaznagar,Andhra Pradesh,Kagaznagar,"/aboutus, /aboutus"
263,4/24/2020,1729,Bihar/Purnea,Bihar,Purnea,"/, /contact, /contact"
264,4/24/2020,1803,Tamil Nadu /Tirunelveli,Tamil Nadu ,Tirunelveli,"/contact, /aboutus, /contact, /"
265,4/24/2020,1705,Arunachal Pradesh/Itanagar,Arunachal Pradesh,Itanagar,/
266,4/25/2020,841,Lakshadweep/Kavaratti,Lakshadweep,Kavaratti,"/pricing, /pricing, /products, /pricing, /"
267,4/25/2020,635,Chandigarh/Chandigarh,Chandigarh,Chandigarh,"/contact, /contact, /, /pricing"
268,4/25/2020,1959,Uttar Pradesh/Aligarh,Uttar Pradesh,Aligarh,"/, /aboutus"
269,4/25/2020,678,Gujarat/Bhavnagar,Gujarat,Bhavnagar,"/products, /, /aboutus, /"
270,4/25/2020,160,Chhattisgarh/Raipur,Chhattisgarh,Raipur,"/contact, /pricing, /aboutus, /pricing, /pricing"
271,4/25/2020,1396,Goa/Panaji,Goa,Panaji,"/aboutus, /aboutus, /aboutus, /aboutus, /aboutus"
272,4/25/2020,81,Madhya Pradesh/Bhopal,Madhya Pradesh,Bhopal,"/contact, /products"
273,4/25/2020,1338,Karnataka/Bellary,Karnataka,Bellary,/contact
274,4/25/2020,356,Sikkim/Gangtok,Sikkim,Gangtok,"/aboutus, /aboutus, /, /contact"
275,4/25/2020,1176,Puducherry/Puducherry,Puducherry,Puducherry,"/contact, /contact, /products, /pricing, /"
276,4/25/2020,1248,Rajasthan/Ajmer,Rajasthan,Ajmer,/products
277,4/25/2020,1554,Chhattisgarh/Raipur,Chhattisgarh,Raipur,"/products, /pricing, /products, /pricing"
278,4/25/2020,38,Odisha/Samlaipadar,Odisha,Samlaipadar,"/, /aboutus, /aboutus"
279,4/26/2020,866,Bihar/Muzaffarpur,Bihar,Muzaffarpur,"/aboutus, /contact, /pricing"
280,4/26/2020,1494,Bihar/Bhagalpur,Bihar,Bhagalpur,"/aboutus, /products"
281,4/26/2020,519,Meghalaya/Shillong,Meghalaya,Shillong,"/contact, /, /, /, /contact"
282,4/26/2020,168,Mizoram/Aizawl,Mizoram,Aizawl,"/products, /products, /aboutus, /contact"
283,4/26/2020,1722,Andhra Pradesh/Khammam,Andhra Pradesh,Khammam,"/pricing, /contact"
284,4/26/2020,879,Tripura/Agartala,Tripura,Agartala,"/pricing, /contact, /products"
285,4/26/2020,1476,Odisha/Cuttack,Odisha,Cuttack,"/contact, /"
286,4/26/2020,2000,Odisha/Bhubaneshwar,Odisha,Bhubaneshwar,/aboutus
287,4/26/2020,850,Puducherry/Puducherry,Puducherry,Puducherry,"/products, /products, /products, /products, /products"
288,4/26/2020,767,Karnataka/Kolar,Karnataka,Kolar,"/, /pricing, /pricing"
289,4/26/2020,1348,Maharashtra/Pune,Maharashtra,Pune,"/products, /contact, /pricing"
290,4/26/2020,797,Kerala/Thiruvananthapuram,Kerala,Thiruvananthapuram,/aboutus
291,4/26/2020,930,Karnataka/Gulbarga,Karnataka,Gulbarga,/
292,4/26/2020,368,Punjab/Abohar,Punjab,Abohar,"/products, /pricing, /, /pricing"
293,4/26/2020,612,Himachal Pradesh/Shimla,Himachal Pradesh,Shimla,"/contact, /products, /"
294,4/26/2020,851,Andhra Pradesh/Nizamabad,Andhra Pradesh,Nizamabad,"/, /pricing, /, /pricing, /pricing"
295,4/26/2020,1298,Uttarakhand/Dehra Dun,Uttarakhand,Dehra Dun,"/, /contact, /, /, /products"
296,4/27/2020,142,Madhya Pradesh/Jabalpur,Madhya Pradesh,Jabalpur,"/aboutus, /, /, /pricing, /"
297,4/27/2020,1242,Madhya Pradesh/Indore,Madhya Pradesh,Indore,"/pricing, /products, /pricing"
298,4/27/2020,145,Chhattisgarh/Bilaspur,Chhattisgarh,Bilaspur,"/, /pricing, /products, /"
299,4/27/2020,786,Himachal Pradesh/Shimla,Himachal Pradesh,Shimla,"/aboutus, /contact, /aboutus"
300,4/27/2020,298,Gujarat/Porbandar,Gujarat,Porbandar,/
301,4/27/2020,1735,Puducherry/Puducherry,Puducherry,Puducherry,"/products, /products"
302,4/27/2020,1972,Assam/Guwahati,Assam,Guwahati,"/products, /contact"
303,4/27/2020,802,Bihar/Bhagalpur,Bihar,Bhagalpur,"/aboutus, /aboutus, /aboutus, /pricing, /contact"
304,4/27/2020,532,Daman and Diu/Diu,Daman and Diu,Diu,"/aboutus, /, /"
305,4/27/2020,1810,Lakshadweep/Kavaratti,Lakshadweep,Kavaratti,"/pricing, /products, /products, /"
306,4/27/2020,622,Delhi/Delhi,Delhi,Delhi,"/, /products, /products, /aboutus"
307,4/27/2020,1742,Jharkhand/Dhanbad,Jharkhand,Dhanbad,"/aboutus, /pricing, /contact, /pricing"
308,4/28/2020,892,Lakshadweep/Kavaratti,Lakshadweep,Kavaratti,"/products, /pricing, /pricing, /pricing"
309,4/28/2020,1949,Karnataka/Shimoga,Karnataka,Shimoga,"/aboutus, /aboutus, /products, /aboutus"
310,4/28/2020,1629,Tripura/Agartala,Tripura,Agartala,"/products, /aboutus, /, /aboutus, /aboutus"
311,4/28/2020,759,Andaman and Nicobar Islands/Port Blair,Andaman and Nicobar Islands,Port Blair,"/contact, /contact, /contact, /products, /products"
312,4/28/2020,1463,Manipur/Imphal,Manipur,Imphal,"/products, /pricing, /, /, /products"
313,4/28/2020,315,Kerala/Calicut,Kerala,Calicut,"/contact, /pricing, /contact"
314,4/28/2020,1710,Jharkhand/Jamshedpur,Jharkhand,Jamshedpur,"/products, /pricing"
315,4/28/2020,1385,Sikkim/Gangtok,Sikkim,Gangtok,"/, /pricing, /pricing, /products"
316,4/28/2020,1010,Mizoram/Aizawl,Mizoram,Aizawl,"/products, /, /pricing, /, /contact"
317,4/29/2020,1465,Haryana/Sonipat,Haryana,Sonipat,"/aboutus, /pricing, /pricing, /aboutus"
318,4/29/2020,132,Lakshadweep/Kavaratti,Lakshadweep,Kavaratti,/contact
319,4/29/2020,1928,Arunachal Pradesh/Itanagar,Arunachal Pradesh,Itanagar,"/, /products"
320,4/29/2020,63,Jammu and Kashmir/Jammu,Jammu and Kashmir,Jammu,"/contact, /contact"
321,4/29/2020,807,Dadra and Nagar Haveli/Silvassa,Dadra and Nagar Haveli,Silvassa,"/, /products, /products"
322,4/29/2020,1434,Uttarakhand/Dehra Dun,Uttarakhand,Dehra Dun,"/aboutus, /pricing"
323,4/29/2020,1106,Punjab/Pathankot,Punjab,Pathankot,"/products, /pricing"
324,4/29/2020,1969,Kerala/Kochi,Kerala,Kochi,"/pricing, /aboutus"
325,4/29/2020,401,Punjab/Amritsar,Punjab,Amritsar,"/pricing, /, /pricing, /"
326,4/29/2020,1519,Daman and Diu/Diu,Daman and Diu,Diu,"/pricing, /pricing, /products"
327,4/29/2020,968,Andaman and Nicobar Islands/Port Blair,Andaman and Nicobar Islands,Port Blair,"/pricing, /, /products"
328,4/29/2020,646,Maharashtra/Amravati,Maharashtra,Amravati,"/pricing, /pricing"
329,4/29/2020,1884,Karnataka/Chikka Mandya,Karnataka,Chikka Mandya,/products
330,4/29/2020,776,Madhya Pradesh/Bhopal,Madhya Pradesh,Bhopal,"/aboutus, /pricing, /pricing"
331,4/29/2020,912,Tripura/Agartala,Tripura,Agartala,"/, /products, /products, /contact"
332,4/29/2020,377,Kerala/Kollam,Kerala,Kollam,"/products, /contact, /contact"
333,4/29/2020,574,Chandigarh/Chandigarh,Chandigarh,Chandigarh,"/aboutus, /products"
334,4/29/2020,1275,Sikkim/Gangtok,Sikkim,Gangtok,"/products, /aboutus, /"
335,4/30/2020,96,Puducherry/Puducherry,Puducherry,Puducherry,/
336,4/30/2020,527,Delhi/Delhi,Delhi,Delhi,/contact
337,4/30/2020,397,Uttar Pradesh/Moradabad,Uttar Pradesh,Moradabad,"/products, /aboutus"
338,4/30/2020,596,Uttarakhand/Dehra Dun,Uttarakhand,Dehra Dun,/
339,4/30/2020,506,Bihar/Gaya,Bihar,Gaya,"/pricing, /products"
340,4/30/2020,1714,Madhya Pradesh/Ujjain,Madhya Pradesh,Ujjain,"/, /, /contact, /pricing"
341,4/30/2020,1904,Andaman and Nicobar Islands/Port Blair,Andaman and Nicobar Islands,Port Blair,"/products, /products, /pricing, /aboutus"
342,4/30/2020,68,Bihar/Gaya,Bihar,Gaya,"/, /, /, /aboutus"
343,4/30/2020,290,Sikkim/Gangtok,Sikkim,Gangtok,/
344,4/30/2020,466,Uttar Pradesh/Lucknow,Uttar Pradesh,Lucknow,/
345,4/30/2020,1627,Karnataka/Tumkur,Karnataka,Tumkur,"/contact, /"
346,4/30/2020,614,Chhattisgarh/Bhilai,Chhattisgarh,Bhilai,"/aboutus, /pricing"
347,5/1/2020,1491,Gujarat/Vadodara,Gujarat,Vadodara,"/pricing, /products, /"
348,5/1/2020,423,West Bengal/Haora,West Bengal,Haora,"/products, /, /pricing, /, /pricing"
349,5/1/2020,1244,Gujarat/Vadodara,Gujarat,Vadodara,"/aboutus, /products"
350,5/1/2020,724,Puducherry/Puducherry,Puducherry,Puducherry,"/contact, /products"
351,5/1/2020,698,Andhra Pradesh/Nellore,Andhra Pradesh,Nellore,"/, /, /"
352,5/1/2020,1415,Haryana/Karnal,Haryana,Karnal,"/, /aboutus, /pricing, /, /contact"
353,5/1/2020,976,Andhra Pradesh/Tirupati,Andhra Pradesh,Tirupati,"/, /pricing, /aboutus, /"
354,5/2/2020,1242,Dadra and Nagar Haveli/Silvassa,Dadra and Nagar Haveli,Silvassa,"/products, /pricing"
355,5/2/2020,1970,Himachal Pradesh/Shimla,Himachal Pradesh,Shimla,/contact
356,5/2/2020,504,Jharkhand/Dhanbad,Jharkhand,Dhanbad,/contact
357,5/2/2020,125,Manipur/Imphal,Manipur,Imphal,"/pricing, /pricing, /products"
358,5/2/2020,1075,Jammu and Kashmir/Srinagar,Jammu and Kashmir,Srinagar,/pricing
359,5/2/2020,1328,Meghalaya/Shillong,Meghalaya,Shillong,"/contact, /aboutus, /aboutus"
360,5/2/2020,924,West Bengal/Alipur Duar,West Bengal,Alipur Duar,"/aboutus, /, /, /pricing, /pricing"
361,5/2/2020,1881,Andhra Pradesh/Proddatur,Andhra Pradesh,Proddatur,/products
362,5/3/2020,201,Rajasthan/Alwar,Rajasthan,Alwar,"/products, /pricing"
363,5/3/2020,632,Assam/Tezpur,Assam,Tezpur,"/pricing, /, /pricing"
364,5/3/2020,876,Puducherry/Puducherry,Puducherry,Puducherry,"/contact, /pricing, /aboutus, /"
365,5/3/2020,1792,Kerala/Alappuzha,Kerala,Alappuzha,"/products, /aboutus, /"
366,5/3/2020,903,Himachal Pradesh/Shimla,Himachal Pradesh,Shimla,"/, /contact, /contact, /contact"
367,5/3/2020,1680,Punjab/Pathankot,Punjab,Pathankot,"/aboutus, /"
368,5/3/2020,182,Assam/Dibrugarh,Assam,Dibrugarh,"/aboutus, /aboutus, /aboutus, /"
369,5/3/2020,652,West Bengal/asansol,West Bengal,asansol,"/pricing, /contact, /products"
370,5/4/2020,673,Nagaland/Kohima,Nagaland,Kohima,/products
371,5/4/2020,1221,Uttar Pradesh/Fyzabad,Uttar Pradesh,Fyzabad,"/products, /, /aboutus, /pricing"
372,5/4/2020,420,Maharashtra/Akola,Maharashtra,Akola,"/pricing, /, /aboutus, /aboutus, /products"
373,5/4/2020,385,Daman and Diu/Diu,Daman and Diu,Diu,"/aboutus, /products, /contact"
374,5/4/2020,1968,Assam/Dispur,Assam,Dispur,/contact
375,5/4/2020,863,Bihar/Muzaffarpur,Bihar,Muzaffarpur,"/products, /aboutus"
376,5/4/2020,936,Manipur/Imphal,Manipur,Imphal,"/products, /, /products"
377,5/4/2020,1262,Manipur/Imphal,Manipur,Imphal,"/contact, /contact, /, /pricing"
378,5/4/2020,1298,Mizoram/Aizawl,Mizoram,Aizawl,"/contact, /"
379,5/4/2020,677,Dadra and Nagar Haveli/Silvassa,Dadra and Nagar Haveli,Silvassa,/contact
380,5/4/2020,140,Rajasthan/Jodhpur,Rajasthan,Jodhpur,"/products, /aboutus, /"
381,5/4/2020,989,Jharkhand/Dhanbad,Jharkhand,Dhanbad,"/contact, /contact, /products"
382,5/5/2020,140,Sikkim/Gangtok,Sikkim,Gangtok,"/, /pricing, /aboutus"
383,5/5/2020,632,Punjab/Ludhiana,Punjab,Ludhiana,/pricing
384,5/5/2020,1853,Maharashtra/Bhusaval,Maharashtra,Bhusaval,/pricing
385,5/5/2020,1474,Delhi/New Delhi,Delhi,New Delhi,/aboutus
386,5/5/2020,215,Chandigarh/Chandigarh,Chandigarh,Chandigarh,"/contact, /pricing, /aboutus, /, /contact"
387,5/5/2020,1549,Gujarat/Bhavnagar,Gujarat,Bhavnagar,"/products, /, /products, /products"
388,5/5/2020,1895,Nagaland/Kohima,Nagaland,Kohima,"/aboutus, /products, /pricing, /aboutus"
389,5/5/2020,82,Gujarat/Bhuj,Gujarat,Bhuj,"/products, /contact, /contact, /aboutus, /"
390,5/5/2020,1082,Nagaland/Kohima,Nagaland,Kohima,/contact
391,5/5/2020,279,Jammu and Kashmir/Srinagar,Jammu and Kashmir,Srinagar,"/pricing, /products, /aboutus, /pricing, /"
392,5/5/2020,1750,Uttar Pradesh/Varanasi,Uttar Pradesh,Varanasi,"/products, /, /, /products"
393,5/5/2020,168,Mizoram/Aizawl,Mizoram,Aizawl,"/aboutus, /products, /contact, /"
394,5/5/2020,1952,Delhi/Delhi,Delhi,Delhi,"/products, /pricing, /, /aboutus, /contact"
395,5/5/2020,1238,Lakshadweep/Kavaratti,Lakshadweep,Kavaratti,"/pricing, /contact, /, /, /contact"
396,5/5/2020,1274,Himachal Pradesh/Shimla,Himachal Pradesh,Shimla,"/products, /pricing, /aboutus, /products, /"
397,5/5/2020,1648,Arunachal Pradesh/Itanagar,Arunachal Pradesh,Itanagar,/contact
398,5/5/2020,1514,Kerala/Alappuzha,Kerala,Alappuzha,"/contact, /aboutus"
399,5/5/2020,432,Lakshadweep/Kavaratti,Lakshadweep,Kavaratti,"/products, /contact, /contact, /aboutus"
400,5/6/2020,1518,Tripura/Agartala,Tripura,Agartala,"/, /, /pricing"
401,5/6/2020,901,Odisha/Brahmapur,Odisha,Brahmapur,"/contact, /"
402,5/6/2020,881,Chandigarh/Chandigarh,Chandigarh,Chandigarh,"/products, /aboutus, /products, /"
403,5/6/2020,1813,Assam/Dibrugarh,Assam,Dibrugarh,"/products, /products, /aboutus, /products"
404,5/6/2020,1829,Madhya Pradesh/Ratlam,Madhya Pradesh,Ratlam,"/aboutus, /pricing, /contact, /, /contact"
405,5/6/2020,1662,Chandigarh/Chandigarh,Chandigarh,Chandigarh,"/pricing, /pricing, /, /, /aboutus"
406,5/6/2020,954,Karnataka/Bidar,Karnataka,Bidar,/aboutus
407,5/6/2020,1534,Bihar/Purnea,Bihar,Purnea,"/products, /"
408,5/6/2020,804,Uttarakhand/Dehra Dun,Uttarakhand,Dehra Dun,/contact
409,5/6/2020,1810,Delhi/Delhi,Delhi,Delhi,"/contact, /pricing, /products"
410,5/6/2020,11,West Bengal/Bhatpara,West Bengal,Bhatpara,"/contact, /aboutus, /, /pricing, /"
411,5/7/2020,1556,Maharashtra/Sangli,Maharashtra,Sangli,"/aboutus, /pricing, /contact"
412,5/7/2020,401,Haryana/Sonipat,Haryana,Sonipat,"/aboutus, /, /, /aboutus, /contact"
413,5/7/2020,1574,Sikkim/Gangtok,Sikkim,Gangtok,"/pricing, /, /contact, /contact, /"
414,5/7/2020,993,Arunachal Pradesh/Itanagar,Arunachal Pradesh,Itanagar,"/products, /, /, /pricing"
415,5/7/2020,1200,Karnataka/Mysore,Karnataka,Mysore,"/products, /aboutus, /"
416,5/7/2020,37,Sikkim/Gangtok,Sikkim,Gangtok,"/products, /aboutus, /, /contact, /pricing"
417,5/7/2020,1658,Arunachal Pradesh/Itanagar,Arunachal Pradesh,Itanagar,"/pricing, /contact, /contact, /, /aboutus"
418,5/7/2020,1244,Jammu and Kashmir/Jammu,Jammu and Kashmir,Jammu,"/pricing, /aboutus, /, /"
419,5/7/2020,1611,Tripura/Agartala,Tripura,Agartala,"/aboutus, /, /products, /, /aboutus"
420,5/7/2020,1740,Haryana/Panchkula,Haryana,Panchkula,"/aboutus, /products, /products, /aboutus, /products"
421,5/7/2020,17,Assam/Dispur,Assam,Dispur,"/contact, /contact, /, /, /aboutus"
422,5/8/2020,444,Daman and Diu/Diu,Daman and Diu,Diu,"/aboutus, /products, /products, /"
423,5/8/2020,72,Punjab/Ludhiana,Punjab,Ludhiana,"/aboutus, /, /, /products, /"
424,5/8/2020,1085,Bihar/Bhagalpur,Bihar,Bhagalpur,"/contact, /, /contact, /products"
425,5/8/2020,1716,Jharkhand/Ranchi,Jharkhand,Ranchi,"/pricing, /"
426,5/8/2020,660,Bihar/Muzaffarpur,Bihar,Muzaffarpur,"/, /aboutus"
427,5/8/2020,6,Madhya Pradesh/Ratlam,Madhya Pradesh,Ratlam,"/products, /contact"
428,5/8/2020,1002,Gujarat/Rajkot,Gujarat,Rajkot,"/, /products, /pricing"
429,5/8/2020,1725,Arunachal Pradesh/Itanagar,Arunachal Pradesh,Itanagar,"/, /, /aboutus"
430,5/8/2020,163,Nagaland/Kohima,Nagaland,Kohima,"/contact, /aboutus, /contact, /products, /products"
431,5/8/2020,917,Haryana/Karnal,Haryana,Karnal,/pricing
432,5/8/2020,1505,Odisha/Bhubaneshwar,Odisha,Bhubaneshwar,"/pricing, /, /pricing, /"
433,5/8/2020,1563,Andhra Pradesh/Machilipatnam,Andhra Pradesh,Machilipatnam,/pricing
434,5/8/2020,1541,Rajasthan/Bikaner,Rajasthan,Bikaner,"/contact, /contact, /products"
435,5/8/2020,166,Chhattisgarh/Bhilai,Chhattisgarh,Bhilai,/products
436,5/8/2020,926,Uttarakhand/Dehra Dun,Uttarakhand,Dehra Dun,/products
437,5/8/2020,76,Haryana/Faridabad,Haryana,Faridabad,"/aboutus, /pricing, /pricing"
438,5/8/2020,741,Tamil Nadu /Nagercoil,Tamil Nadu ,Nagercoil,"/products, /products, /aboutus, /, /aboutus"
439,5/8/2020,1940,Gujarat/Bhuj,Gujarat,Bhuj,"/contact, /contact, /aboutus, /contact"
440,5/9/2020,1332,Meghalaya/Shillong,Meghalaya,Shillong,"/contact, /aboutus"
441,5/9/2020,1509,Manipur/Imphal,Manipur,Imphal,/aboutus
442,5/9/2020,1906,Chhattisgarh/Bilaspur,Chhattisgarh,Bilaspur,"/contact, /, /aboutus"
443,5/9/2020,1407,Mizoram/Aizawl,Mizoram,Aizawl,"/pricing, /, /contact"
444,5/9/2020,822,Bihar/Muzaffarpur,Bihar,Muzaffarpur,"/contact, /contact, /products"
445,5/9/2020,812,Tamil Nadu /Nagercoil,Tamil Nadu ,Nagercoil,"/pricing, /, /contact, /pricing"
446,5/9/2020,1999,Sikkim/Gangtok,Sikkim,Gangtok,"/, /contact, /aboutus, /contact, /pricing"
447,5/9/2020,1558,Himachal Pradesh/Shimla,Himachal Pradesh,Shimla,"/pricing, /aboutus"
448,5/9/2020,1735,Kerala/Kollam,Kerala,Kollam,"/contact, /products, /pricing, /aboutus"
449,5/9/2020,698,Manipur/Imphal,Manipur,Imphal,"/pricing, /contact, /pricing, /aboutus, /"
450,5/9/2020,497,Tripura/Agartala,Tripura,Agartala,"/, /, /contact, /pricing, /aboutus"
451,5/9/2020,193,Daman and Diu/Diu,Daman and Diu,Diu,"/pricing, /aboutus"
452,5/9/2020,550,Kerala/Alappuzha,Kerala,Alappuzha,"/aboutus, /products, /, /aboutus, /contact"
453,5/9/2020,729,Bihar/Muzaffarpur,Bihar,Muzaffarpur,"/pricing, /aboutus, /aboutus"
454,5/9/2020,681,Maharashtra/Mumbai,Maharashtra,Mumbai,"/contact, /contact, /contact"
455,5/10/2020,230,Haryana/Rohtak,Haryana,Rohtak,/aboutus
456,5/10/2020,606,Punjab/Patiala,Punjab,Patiala,"/contact, /contact, /pricing, /pricing"
457,5/10/2020,1383,Maharashtra/Mumbai,Maharashtra,Mumbai,"/pricing, /contact, /aboutus"
458,5/10/2020,1766,Manipur/Imphal,Manipur,Imphal,"/, /products"
459,5/10/2020,821,Tripura/Agartala,Tripura,Agartala,"/aboutus, /contact, /, /pricing, /contact"
460,5/10/2020,614,Kerala/Calicut,Kerala,Calicut,"/contact, /products, /, /pricing"
461,5/11/2020,717,Tripura/Agartala,Tripura,Agartala,"/aboutus, /aboutus"
462,5/11/2020,1182,Meghalaya/Shillong,Meghalaya,Shillong,"/, /contact, /aboutus, /contact, /pricing"
463,5/11/2020,638,Assam/Jorhat,Assam,Jorhat,"/products, /products, /aboutus, /, /aboutus"
464,5/11/2020,1231,Chandigarh/Chandigarh,Chandigarh,Chandigarh,/contact
465,5/11/2020,1542,Tripura/Agartala,Tripura,Agartala,"/aboutus, /pricing, /contact, /pricing, /contact"
466,5/11/2020,1717,Madhya Pradesh/Gwalior,Madhya Pradesh,Gwalior,"/contact, /products, /aboutus, /"
467,5/11/2020,1826,Dadra and Nagar Haveli/Silvassa,Dadra and Nagar Haveli,Silvassa,"/pricing, /contact"
468,5/11/2020,515,Arunachal Pradesh/Itanagar,Arunachal Pradesh,Itanagar,"/products, /products, /aboutus, /products"
469,5/11/2020,1214,Manipur/Imphal,Manipur,Imphal,"/contact, /pricing, /pricing"
470,5/11/2020,1756,Goa/Panaji,Goa,Panaji,"/pricing, /pricing, /pricing"
471,5/11/2020,14,Gujarat/Ghandinagar,Gujarat,Ghandinagar,"/, /products, /contact"
472,5/11/2020,634,Nagaland/Kohima,Nagaland,Kohima,/contact
473,5/11/2020,1661,Uttarakhand/Dehra Dun,Uttarakhand,Dehra Dun,"/aboutus, /"
474,5/11/2020,1716,West Bengal/asansol,West Bengal,asansol,"/contact, /contact, /aboutus"
475,5/11/2020,1963,Bihar/Patna,Bihar,Patna,"/contact, /contact"
476,5/11/2020,1307,Arunachal Pradesh/Itanagar,Arunachal Pradesh,Itanagar,"/products, /contact, /, /aboutus"
477,5/11/2020,1462,Karnataka/Hospet,Karnataka,Hospet,"/products, /, /, /pricing, /pricing"
478,5/11/2020,1860,Maharashtra/Kalyan,Maharashtra,Kalyan,"/, /aboutus, /pricing"
479,5/11/2020,1841,Rajasthan/Sikar,Rajasthan,Sikar,"/pricing, /contact, /products, /products"
480,5/12/2020,901,Himachal Pradesh/Shimla,Himachal Pradesh,Shimla,"/contact, /aboutus, /, /products, /pricing"
481,5/12/2020,1125,Lakshadweep/Kavaratti,Lakshadweep,Kavaratti,"/products, /"
482,5/12/2020,79,Madhya Pradesh/Ratlam,Madhya Pradesh,Ratlam,/
483,5/12/2020,1219,Delhi/New Delhi,Delhi,New Delhi,"/contact, /"
484,5/12/2020,1150,Arunachal Pradesh/Itanagar,Arunachal Pradesh,Itanagar,"/products, /contact, /contact, /aboutus"
485,5/12/2020,1203,Maharashtra/Amravati,Maharashtra,Amravati,"/, /, /products, /aboutus"
486,5/12/2020,443,Mizoram/Aizawl,Mizoram,Aizawl,"/contact, /aboutus, /pricing, /contact"
487,5/12/2020,193,Arunachal Pradesh/Itanagar,Arunachal Pradesh,Itanagar,"/pricing, /aboutus, /"
488,5/12/2020,1176,Nagaland/Kohima,Nagaland,Kohima,"/contact, /aboutus, /, /products, /aboutus"
489,5/12/2020,1699,Jammu and Kashmir/Srinagar,Jammu and Kashmir,Srinagar,"/contact, /pricing"
490,5/12/2020,1582,Arunachal Pradesh/Itanagar,Arunachal Pradesh,Itanagar,"/contact, /pricing, /aboutus"
491,5/12/2020,1295,Meghalaya/Shillong,Meghalaya,Shillong,"/products, /pricing"
492,5/12/2020,264,Uttarakhand/Dehra Dun,Uttarakhand,Dehra Dun,/pricing
493,5/13/2020,458,Goa/Panaji,Goa,Panaji,"/pricing, /pricing"
494,5/13/2020,651,Manipur/Imphal,Manipur,Imphal,/
495,5/13/2020,1865,Delhi/New Delhi,Delhi,New Delhi,"/products, /, /aboutus, /aboutus"
496,5/13/2020,961,West Bengal/Barddhaman,West Bengal,Barddhaman,/
497,5/13/2020,869,Madhya Pradesh/Gwalior,Madhya Pradesh,Gwalior,"/contact, /products, /products, /"
498,5/13/2020,329,Goa/Panaji,Goa,Panaji,"/, /contact"
499,5/14/2020,1988,Gujarat/Surat,Gujarat,Surat,"/pricing, /contact, /contact, /pricing"
